{
	"pattrstorage" : 	{
		"name" : "harmonizer",
		"slots" : 		{
			"1" : 			{
				"id" : 1,
				"data" : 				{
					"jsui[1]" : [ 60.000000000000057 ],
					"jsui[2]" : [ 216.000000000000227 ],
					"jsui[3]" : [ 0.35 ],
					"pictslider" : [ 500, 0 ]
				}

			}

		}

	}

}
